{
    "base_keycode": [
        {
            "code": 0,
            "name": "NO",
            "up": "NO",
            "hover": "阻挡下层按键"
        },
        {
            "code": 1,
            "name": "TRAN",
            "up": "TRAN",
            "hover": "穿透按键"
        },
        {
            "code": 4,
            "name": "A",
            "up": "A",
            "hover": "字母A"
        },
        {
            "code": 5,
            "name": "B",
            "up": "B",
            "hover": "字母B"
        },
        {
            "code": 6,
            "name": "C",
            "up": "C",
            "hover": "字母C"
        },
        {
            "code": 7,
            "name": "D",
            "up": "D",
            "hover": "字母B"
        },
        {
            "code": 8,
            "name": "E",
            "up": "E",
            "hover": "字母E"
        },
        {
            "code": 9,
            "name": "F",
            "up": "F",
            "hover": "字母F"
        },
        {
            "code": 10,
            "name": "G",
            "up": "G",
            "hover": "字母G"
        },
        {
            "code": 11,
            "name": "H",
            "up": "H",
            "hover": "字母H"
        },
        {
            "code": 12,
            "name": "I",
            "up": "I",
            "hover": "字母I"
        },
        {
            "code": 13,
            "name": "J",
            "up": "J",
            "hover": "字母J"
        },
        {
            "code": 14,
            "name": "K",
            "up": "K",
            "hover": "字母K"
        },
        {
            "code": 15,
            "name": "L",
            "up": "L",
            "hover": "字母L"
        },
        {
            "code": 16,
            "name": "M",
            "up": "M",
            "hover": "字母M"
        },
        {
            "code": 17,
            "name": "N",
            "up": "N",
            "hover": "字母N"
        },
        {
            "code": 18,
            "name": "O",
            "up": "O",
            "hover": "字母O"
        },
        {
            "code": 19,
            "name": "P",
            "up": "P",
            "hover": "字母P"
        },

        {
            "code": 20,
            "name": "Q",
            "up": "Q",
            "hover": "字母Q"
        },        {
            "code": 21,
            "name": "R",
            "up": "R",
            "hover": "字母R"
        },
        {
            "code": 22,
            "name": "S",
            "up": "S",
            "hover": "字母S"
        },
        {
            "code": 23,
            "name": "T",
            "up": "T",
            "hover": "字母T"
        },
        {
            "code": 24,
            "name": "U",
            "up": "U",
            "hover": "字母U"
        },
        {
            "code": 25,
            "name": "V",
            "up": "V",
            "hover": "字母V"
        },
        {
            "code": 26,
            "name": "W",
            "up": "W",
            "hover": "字母W"
        },
        {
            "code": 27,
            "name": "X",
            "up": "X",
            "hover": "字母X"
        },
        {
            "code": 28,
            "name": "Y",
            "up": "Y",
            "hover": "字母Y"
        },
        {
            "code": 29,
            "name": "Z",
            "up": "Z",
            "hover": "字母Z"
        },
        {
            "code": 30,
            "name": "!\n1",
            "up": "!",
            "mid":"1",
            "hover": "数字1"
        },
        {
            "code": 31,
            "name": "@\n2",
            "up": "@",
            "mid":"2",
            "hover": "数字2"
        },
        {
            "code": 32,
            "name": "#\n3",
            "up": "#",
            "mid":"3",
            "hover": "数字3"
        },
        {
            "code": 33,
            "name": "$\n4",
            "up": "$",
            "mid":"4",
            "hover": "数字4"
        },
        {
            "code": 34,
            "name": "%\n5",
            "up": "%",
            "mid":"5",
            "hover": "数字5"
        },
        {
            "code": 35,
            "name": "^\n6",
            "up": "^",
            "mid":"6",
            "hover": "数字6"
        },
        {
            "code": 36,
            "name": "&&\n7",
            "up": "&",
            "mid":"7",
            "hover": "数字7"
        },
        {
            "code": 37,
            "name": "*\n8",
            "up": "*",
            "mid":"8",
            "hover": "数字8"
        },
        {
            "code": 38,
            "name": "(\n9",
            "up": "(",
            "mid":"9",
            "hover": "数字9"
        },
        {
            "code": 39,
            "name": ")\n0",
            "up": ")",
            "mid":"0",
            "hover": "数字0"
        },
        {
            "code": 40,
            "name": "ENTER",
            "mid":"Enter",
            "hover": "回车"
        },
        {
            "code": 41,
            "name": "Esc",
            "up":"Esc",
            "hover": "取消"
        },
        {
            "code": 42,
            "name": "Backspace",
            "mid":"Backspace",
            "hover": "退格"
        },
        {
            "code": 43,
            "name": "TAB",
            "mid":"TAB",
            "hover": "TAB制表键"
        },
        {
            "code": 44,
            "name": "SPACE",
            "mid":"Space",
            "hover": "空格"
        },
        {
            "code": 45,
            "name": "—\n-",
            "up": "—",
            "mid":"-",
            "hover": "减_"
        },
        {
            "code": 46,
            "name": "+\n=",
            "up": "+",
            "mid":"=",
            "hover": "加等于"
        },
        {
            "code": 47,
            "name": "{\n[",
            "up": "{",
            "mid":"[",
            "hover": "左括号"
        },
        {
            "code": 48,
            "name": "}\n]",
            "up": "}",
            "mid":"]",
            "hover": "右括号"
        },
        {
            "code": 49,
            "name": "|\n\\",
            "up": "}",
            "mid":"]",
            "hover": "右括号"
        },
        {
            "code": 50,
            "name": "#\n~",
            "up": "}",
            "mid":"]",
            "hover": "右括号"
        },
        {
            "code": 51,
            "name": ":\n;",
            "up": "}",
            "mid":"]",
            "hover": "右括号"
        },
        {
            "code": 52,
            "name": "\"\n'",
            "up": "}",
            "mid":"]",
            "hover": "右括号"
        },
        {
            "code": 53,
            "name": "~\n`",
            "up": "}",
            "mid":"]",
            "hover": "右括号"
        },
        {
            "code": 54,
            "name": "<\n,",
            "up": "}",
            "mid":"]",
            "hover": "右括号"
        },
        {
            "code": 55,
            "name": ">\n.",
            "up": "}",
            "mid":"]",
            "hover": "右括号"
        },
        {
            "code": 56,
            "name": "?\n/",
            "up": "}",
            "mid":"]",
            "hover": "右括号"
        },
        {
            "code": 57,
            "name": "Caps\nLock",
            "up": "}",
            "mid":"]",
            "hover": "右括号"
        },
        {
            "code": 58,
            "name": "F1",
            "up": "}",
            "mid":"]",
            "hover": "右括号"
        },
        {
            "code": 59,
            "name": "F2",
            "up": "}",
            "mid":"]",
            "hover": "右括号"
        },
        {
            "code": 60,
            "name": "F3",
            "up": "}",
            "mid":"]",
            "hover": "右括号"
        },
        {
            "code": 61,
            "name": "F4",
            "up": "}",
            "mid":"]",
            "hover": "右括号"
        },
        {
            "code": 62,
            "name": "F5",
            "up": "}",
            "mid":"]",
            "hover": "右括号"
        },
        {
            "code": 63,
            "name": "F6",
            "up": "}",
            "mid":"]",
            "hover": "右括号"
        },
        {
            "code": 64,
            "name": "F7",
            "up": "}",
            "mid":"]",
            "hover": "右括号"
        },
        {
            "code": 65,
            "name": "F8",
            "up": "}",
            "mid":"]",
            "hover": "右括号"
        },
        {
            "code": 66,
            "name": "F9",
            "up": "}",
            "mid":"]",
            "hover": "右括号"
        },
        {
            "code": 67,
            "name": "F10",
            "up": "}",
            "mid":"]",
            "hover": "右括号"
        },
        {
            "code": 68,
            "name": "F11",
            "up": "}",
            "mid":"]",
            "hover": "右括号"
        },
        {
            "code": 69,
            "name": "F12",
            "up": "}",
            "mid":"]",
            "hover": "右括号"
        },
        {
            "code": 70,
            "name": "PrtSc",
            "up": "}",
            "mid":"]",
            "hover": "右括号"
        },
        {
            "code": 71,
            "name": "Scroll\nLock",
            "up": "}",
            "mid":"]",
            "hover": "右括号"
        },
        {
            "code": 72,
            "name": "Pause",
            "up": "}",
            "mid":"]",
            "hover": "右括号"
        },
        {
            "code": 73,
            "name": "Insert",
            "up": "}",
            "mid":"]",
            "hover": "右括号"
        },
        {
            "code": 74,
            "name": "HOME",
            "up": "}",
            "mid":"]",
            "hover": "右括号"
        },
        {
            "code": 75,
            "name": "PgUp",
            "up": "}",
            "mid":"]",
            "hover": "右括号"
        },

        {
            "code": 76,
            "name": "Delete",
            "up": "}",
            "mid":"]",
            "hover": "右括号"
        },        {
            "code": 77,
            "name": "END",
            "up": "}",
            "mid":"]",
            "hover": "右括号"
        },
        {
            "code": 78,
            "name": "PgDn",
            "up": "}",
            "mid":"]",
            "hover": "右括号"
        },
        {
            "code": 79,
            "name": "→",
            "up": "}",
            "mid":"]",
            "hover": "右括号"
        },
        {
            "code": 80,
            "name": "←",
            "up": "}",
            "mid":"]",
            "hover": "右括号"
        },
        {
            "code": 81,
            "name": "↓",
            "up": "}",
            "mid":"]",
            "hover": "右括号"
        },
        {
            "code": 82,
            "name": "↑",
            "up": "}",
            "mid":"]",
            "hover": "右括号"
        },
        {
            "code": 83,
            "name": "Num\nLock",
            "up": "}",
            "mid":"]",
            "hover": "右括号"
        },
        {
            "code": 84,
            "name": "/",
            "up": "}",
            "mid":"]",
            "hover": "右括号"
        },
        {
            "code": 85,
            "name": "*",
            "up": "}",
            "mid":"]",
            "hover": "右括号"
        },
        {
            "code": 86,
            "name": "-",
            "up": "}",
            "mid":"]",
            "hover": "右括号"
        },
        {
            "code": 87,
            "name": "+",
            "up": "}",
            "mid":"]",
            "hover": "右括号"
        },
        {
            "code": 88,
            "name": "Enter",
            "up": "}",
            "mid":"]",
            "hover": "右括号"
        },
        {
            "code": 89,
            "name": "1\nEnd",
            "up": "}",
            "mid":"]",
            "hover": "右括号"
        },
        {
            "code": 90,
            "name": "2\n↓",
            "up": "}",
            "mid":"]",
            "hover": "右括号"
        },
        {
            "code": 91,
            "name": "3\nPgDn",
            "up": "}",
            "mid":"]",
            "hover": "右括号"
        },
        {
            "code": 92,
            "name": "4\n←",
            "up": "}",
            "mid":"]",
            "hover": "右括号"
        },
        {
            "code": 93,
            "name": "5",
            "up": "}",
            "mid":"]",
            "hover": "右括号"
        },
        {
            "code": 94,
            "name": "6\n→",
            "up": "}",
            "mid":"]",
            "hover": "右括号"
        },
        {
            "code": 95,
            "name": "7\nHome",
            "up": "}",
            "mid":"]",
            "hover": "右括号"
        },
        {
            "code": 96,
            "name": "8\n↑",
            "up": "}",
            "mid":"]",
            "hover": "右括号"
        },
        {
            "code": 97,
            "name": "9\nPgUp",
            "up": "}",
            "mid":"]",
            "hover": "右括号"
        },
        {
            "code": 98,
            "name": "0\nIns",
            "up": "}",
            "mid":"]",
            "hover": "右括号"
        },
        {
            "code": 99,
            "name": ".\nDel",
            "up": "}",
            "mid":"]",
            "hover": "右括号"
        },
        {
            "code": 100,
            "name": "\\\n|",
            "up": "}",
            "mid":"]",
            "hover": "右括号"
        },
        {
            "code": 101,
            "name": "APP",
            "up": "}",
            "mid":"]",
            "hover": "右括号"
        },
        {
            "code": 102,
            "name": "MAC电源",
            "up": "}",
            "mid":"]",
            "hover": "右括号"
        },
        {
            "code": 103,
            "name": "=",
            "up": "}",
            "mid":"]",
            "hover": "右括号"
        },
        {
            "code": 104,
            "name": "F13",
            "up": "}",
            "mid":"]",
            "hover": "右括号"
        },
        {
            "code": 105,
            "name": "F14",
            "up": "}",
            "mid":"]",
            "hover": "右括号"
        },
        {
            "code": 106,
            "name": "F15",
            "up": "}",
            "mid":"]",
            "hover": "右括号"
        },
        {
            "code": 107,
            "name": "F16",
            "up": "}",
            "mid":"]",
            "hover": "右括号"
        },
        {
            "code": 108,
            "name": "F17",
            "up": "}",
            "mid":"]",
            "hover": "右括号"
        },        {
            "code": 109,
            "name": "F18",
            "up": "}",
            "mid":"]",
            "hover": "右括号"
        },
        {
            "code": 110,
            "name": "F19",
            "up": "}",
            "mid":"]",
            "hover": "右括号"
        },
        {
            "code": 111,
            "name": "F20",
            "up": "}",
            "mid":"]",
            "hover": "右括号"
        },
        {
            "code": 112,
            "name": "F21",
            "up": "}",
            "mid":"]",
            "hover": "右括号"
        },
        {
            "code": 113,
            "name": "F22",
            "up": "}",
            "mid":"]",
            "hover": "右括号"
        },
        {
            "code": 114,
            "name": "F23",
            "up": "}",
            "mid":"]",
            "hover": "右括号"
        },
        {
            "code": 115,
            "name": "F24",
            "up": "}",
            "mid":"]",
            "hover": "右括号"
        },
        {
            "code": 118,
            "name": "Menu",
            "up": "}",
            "mid":"]",
            "hover": "右括号"
        },
        {
            "code": 130,
            "name": "Caps\nLock",
            "up": "}",
            "mid":"]",
            "hover": "右括号"
        },
        {
            "code": 131,
            "name": "Num\nLock",
            "up": "}",
            "mid":"]",
            "hover": "右括号"
        },
        {
            "code": 132,
            "name": "Scr\nLock",
            "up": "}",
            "mid":"]",
            "hover": "右括号"
        },
        {
            "code": 133,
            "name": "PCMM",
            "up": "}",
            "mid":"]",
            "hover": "右括号"
        },
        {
            "code": 134,
            "name": "EQ\nAS400",
            "up": "}",
            "mid":"]",
            "hover": "右括号"
        },
        {
            "code": 135,
            "name": "RO\n\\ _",
            "up": "}",
            "mid":"]",
            "hover": "右括号"
        },
        {
            "code": 136,
            "name": "KANA",
            "up": "}",
            "mid":"]",
            "hover": "右括号"
        },
        {
            "code": 137,
            "name": "JYEN\n¥|",
            "up": "}",
            "mid":"]",
            "hover": "右括号"
        },
        {
            "code": 138,
            "name": "HENK\nHenkan",
            "up": "}",
            "mid":"]",
            "hover": "右括号"
        },
        {
            "code": 139,
            "name": "MHEN\nMuhenkan",
            "up": "}",
            "mid":"]",
            "hover": "右括号"
        },
        {
            "code": 165,
            "name": "电源",
            "up": "}",
            "mid":"]",
            "hover": "右括号"
        },
        {
            "code": 166,
            "name": "睡眠",
            "up": "}",
            "mid":"]",
            "hover": "右括号"
        },
        {
            "code": 167,
            "name": "唤醒",
            "up": "}",
            "mid":"]",
            "hover": "右括号"
        },
        {
            "code": 168,
            "name": "静音",
            "up": "}",
            "mid":"]",
            "hover": "右括号"
        },
        {
            "code": 169,
            "name": "音量+",
            "up": "}",
            "mid":"]",
            "hover": "右括号"
        },
        {
            "code": 170,
            "name": "音量-",
            "up": "}",
            "mid":"]",
            "hover": "右括号"
        },
        {
            "code": 171,
            "name": "下一曲",
            "up": "}",
            "mid":"]",
            "hover": "右括号"
        },
        {
            "code": 172,
            "name": "上一曲",
            "up": "}",
            "mid":"]",
            "hover": "右括号"
        },
        {
            "code": 173,
            "name": "快进",
            "up": "}",
            "mid":"]",
            "hover": "右括号"
        },
        {
            "code": 174,
            "name": "快退",
            "up": "}",
            "mid":"]",
            "hover": "右括号"
        },
        {
            "code": 175,
            "name": "停止",
            "up": "}",
            "mid":"]",
            "hover": "右括号"
        },
        {
            "code": 176,
            "name": "暂停",
            "up": "}",
            "mid":"]",
            "hover": "右括号"
        },
        {
            "code": 177,
            "name": "弹出",
            "up": "}",
            "mid":"]",
            "hover": "右括号"
        },
        {
            "code": 178,
            "name": "选择",
            "up": "}",
            "mid":"]",
            "hover": "右括号"
        },
        {
            "code": 179,
            "name": "E-mail",
            "up": "}",
            "mid":"]",
            "hover": "右括号"
        },
        {
            "code": 180,
            "name": "计算器",
            "up": "}",
            "mid":"]",
            "hover": "右括号"
        },
        {
            "code": 181,
            "name": "我的电脑",
            "up": "}",
            "mid":"]",
            "hover": "右括号"
        },
        {
            "code": 182,
            "name": "搜索",
            "up": "}",
            "mid":"]",
            "hover": "右括号"
        },
        {
            "code": 183,
            "name": "主页",
            "up": "}",
            "mid":"]",
            "hover": "右括号"
        },
        {
            "code": 184,
            "name": "后退",
            "up": "}",
            "mid":"]",
            "hover": "右括号"
        },
        {
            "code": 185,
            "name": "前进",
            "up": "}",
            "mid":"]",
            "hover": "右括号"
        },
        {
            "code": 186,
            "name": "停止",
            "up": "}",
            "mid":"]",
            "hover": "右括号"
        },
        {
            "code": 187,
            "name": "刷新",
            "up": "}",
            "mid":"]",
            "hover": "右括号"
        },
        {
            "code": 188,
            "name": "收藏",
            "up": "}",
            "mid":"]",
            "hover": "右括号"
        },
        {
            "code": 189,
            "name": "亮度+",
            "up": "}",
            "mid":"]",
            "hover": "右括号"
        },
        {
            "code": 190,
            "name": "亮度-",
            "up": "}",
            "mid":"]",
            "hover": "右括号"
        },
        {
            "code": 224,
            "name": "LCtrl",
            "up": "}",
            "mid":"]",
            "hover": "右括号"
        },
        {
            "code": 225,
            "name": "LShift",
            "up": "}",
            "mid":"]",
            "hover": "右括号"
        },
        {
            "code": 226,
            "name": "LAlt",
            "up": "}",
            "mid":"]",
            "hover": "右括号"
        },
        {
            "code": 227,
            "name": "LWin",
            "up": "}",
            "mid":"]",
            "hover": "右括号"
        },
        {
            "code": 228,
            "name": "RCtrl",
            "up": "}",
            "mid":"]",
            "hover": "右括号"
        },
        {
            "code": 229,
            "name": "RShift",
            "up": "}",
            "mid":"]",
            "hover": "右括号"
        },
        {
            "code": 230,
            "name": "RAlt",
            "up": "}",
            "mid":"]",
            "hover": "右括号"
        },
        {
            "code": 231,
            "name": "RWin",
            "up": "}",
            "mid":"]",
            "hover": "右括号"
        },
        {
            "code": 240,
            "name": "鼠标\n↑",
            "up": "}",
            "mid":"]",
            "hover": "右括号"
        },
        {
            "code": 241,
            "name": "鼠标\n↓",
            "up": "}",
            "mid":"]",
            "hover": "右括号"
        },
        {
            "code": 242,
            "name": "鼠标\n←",
            "up": "}",
            "mid":"]",
            "hover": "右括号"
        },
        {
            "code": 243,
            "name": "鼠标\n→",
            "up": "}",
            "mid":"]",
            "hover": "右括号"
        },
        {
            "code": 244,
            "name": "MS左键",
            "up": "}",
            "mid":"]",
            "hover": "右括号"
        },
        {
            "code": 245,
            "name": "MS右键",
            "up": "}",
            "mid":"]",
            "hover": "右括号"
        },
        {
            "code": 246,
            "name": "MS中键",
            "up": "}",
            "mid":"]",
            "hover": "右括号"
        },
        {
            "code": 247,
            "name": "MS后退",
            "up": "}",
            "mid":"]",
            "hover": "右括号"
        },
        {
            "code": 248,
            "name": "MS前进",
            "up": "}",
            "mid":"]",
            "hover": "右括号"
        },
        {
            "code": 249,
            "name": "滚轮\n↑",
            "up": "}",
            "mid":"]",
            "hover": "右括号"
        },
        {
            "code": 250,
            "name": "滚轮\n↓",
            "up": "}",
            "mid":"]",
            "hover": "右括号"
        },
        {
            "code": 251,
            "name": "滚轮\n←",
            "up": "}",
            "mid":"]",
            "hover": "右括号"
        },
        {
            "code": 252,
            "name": "滚轮\n→",
            "up": "}",
            "mid":"]",
            "hover": "右括号"
        },
        {
            "code": 253,
            "name": "MS_SLOW",
            "up": "}",
            "mid":"]",
            "hover": "右括号"
        },
        {
            "code": 254,
            "name": "MS_MID",
            "up": "}",
            "mid":"]",
            "hover": "右括号"
        },
        {
            "code": 255,
            "name": "MS_FAST",
            "up": "}",
            "mid":"]",
            "hover": "右括号"
        }
    ]
}
