{
  "function_key": [
    {
      "id": 0,
      "text": "MO_0",
      "code": 24576,
      "name": "MO_0",
      "x": 0,
      "y": 0,
      "w": 1,
      "h": 1
    },
    {
      "id": 1,
      "text": "MO_1",
      "code": 24577,
      "name": "MO_1",
      "x": 1,
      "y": 0,
      "w": 1,
      "h": 1
    },
    {
      "id": 2,
      "text": "MO_2",
      "code": 24578,
      "name": "MO_2",
      "x": 2,
      "y": 0,
      "w": 1,
      "h": 1
    },
    {
      "id": 3,
      "text": "MO_3",
      "code": 24579,
      "name": "MO_3",
      "x": 3,
      "y": 0,
      "w": 1,
      "h": 1
    },
    {
      "id": 4,
      "text": "MO_4",
      "code": 24580,
      "name": "MO_4",
      "x": 4,
      "y": 0,
      "w": 1,
      "h": 1
    },
    {
      "id": 5,
      "text": "MO_5",
      "code": 24581,
      "name": "MO_5",
      "x": 5,
      "y": 0,
      "w": 1,
      "h": 1
    },
    {
      "id": 6,
      "text": "MO_6",
      "code": 24582,
      "name": "MO_6",
      "x": 6,
      "y": 0,
      "w": 1,
      "h": 1
    },
    {
      "id": 7,
      "text": "MO_7",
      "code": 24583,
      "name": "MO_7",
      "x": 7,
      "y": 0,
      "w": 1,
      "h": 1
    },
    {
      "id": 8,
      "text": "MO_8",
      "code": 24584,
      "name": "MO_8",
      "x": 8,
      "y": 0,
      "w": 1,
      "h": 1
    },
    {
      "id": 9,
      "text": "MO_9",
      "code": 24585,
      "name": "MO_9",
      "x": 9,
      "y": 0,
      "w": 1,
      "h": 1
    },
    {
      "id": 10,
      "text": "MO_10",
      "code": 24586,
      "name": "MO_10",
      "x": 10,
      "y": 0,
      "w": 1,
      "h": 1
    },
    {
      "id": 11,
      "text": "MO_11",
      "code": 24587,
      "name": "MO_11",
      "x": 11,
      "y": 0,
      "w": 1,
      "h": 1
    },
    {
      "id": 12,
      "text": "MO_12",
      "code": 24588,
      "name": "MO_12",
      "x": 12,
      "y": 0,
      "w": 1,
      "h": 1
    },
    {
      "id": 13,
      "text": "MO_13",
      "code": 24589,
      "name": "MO_13",
      "x": 13,
      "y": 0,
      "w": 1,
      "h": 1
    },
    {
      "id": 14,
      "text": "MO_14",
      "code": 24590,
      "name": "MO_14",
      "x": 14,
      "y": 0,
      "w": 1,
      "h": 1
    },
    {
      "id": 15,
      "text": "MO_15",
      "code": 24591,
      "name": "MO_15",
      "x": 15,
      "y": 0,
      "w": 1,
      "h": 1
    }
  ]
}
