{
  "function_key": [
    {
      "id": 0,
      "text": "RB_TOG",
      "code": 24640,
      "name": "RB_TOG",
      "x": 0,
      "y": 0,
      "w": 1,
      "h": 1
    },
    {
      "id": 1,
      "text": "RB_M+",
      "code": 24641,
      "name": "RB_M+",
      "x": 1,
      "y": 0,
      "w": 1,
      "h": 1
    },
    {
      "id": 2,
      "text": "RB_M-",
      "code": 24642,
      "name": "RB_M-",
      "x": 2,
      "y": 0,
      "w": 1,
      "h": 1
    },
    {
      "id": 3,
      "text": "RB_H+",
      "code": 24643,
      "name": "RB_H+",
      "x": 3,
      "y": 0,
      "w": 1,
      "h": 1
    },
    {
      "id": 4,
      "text": "RB_H-",
      "code": 24644,
      "name": "RB_H-",
      "x": 4,
      "y": 0,
      "w": 1,
      "h": 1
    },
    {
      "id": 5,
      "text": "RB_S+",
      "code": 24645,
      "name": "RB_S+",
      "x": 5,
      "y": 0,
      "w": 1,
      "h": 1
    },
    {
      "id": 6,
      "text": "RB_S-",
      "code": 24646,
      "name": "RB_S-",
      "x": 6,
      "y": 0,
      "w": 1,
      "h": 1
    },
    {
      "id": 7,
      "text": "RB_V+",
      "code": 24647,
      "name": "RB_V+",
      "x": 7,
      "y": 0,
      "w": 1,
      "h": 1
    },
    {
      "id": 8,
      "text": "RB_V-",
      "code": 24648,
      "name": "RB_V-",
      "x": 8,
      "y": 0,
      "w": 1,
      "h": 1
    },
    {
      "id": 9,
      "text": "RM_TOG",
      "code": 24656,
      "name": "RM_TOG",
      "x": 0,
      "y": 2,
      "w": 1,
      "h": 1
    },
    {
      "id": 10,
      "text": "RM_M+",
      "code": 24657,
      "name": "RM_M+",
      "x": 1,
      "y": 2,
      "w": 1,
      "h": 1
    },
    {
      "id": 11,
      "text": "RM_M-",
      "code": 24658,
      "name": "RM_M-",
      "x": 2,
      "y": 2,
      "w": 1,
      "h": 1
    },
    {
      "id": 12,
      "text": "RM_H+",
      "code": 24659,
      "name": "RM_H+",
      "x": 3,
      "y": 2,
      "w": 1,
      "h": 1
    },
    {
      "id": 13,
      "text": "RM_H-",
      "code": 24660,
      "name": "RM_H-",
      "x": 4,
      "y": 2,
      "w": 1,
      "h": 1
    },
    {
      "id": 14,
      "text": "RM_S+",
      "code": 24661,
      "name": "RM_S+",
      "x": 5,
      "y": 2,
      "w": 1,
      "h": 1
    },
    {
      "id": 15,
      "text": "RM_S-",
      "code": 24662,
      "name": "RM_S-",
      "x": 6,
      "y": 2,
      "w": 1,
      "h": 1
    },
    {
      "id": 16,
      "text": "RM_V+",
      "code": 24663,
      "name": "RM_V+",
      "x": 7,
      "y": 2,
      "w": 1,
      "h": 1
    },
    {
      "id": 17,
      "text": "RM_V-",
      "code": 24664,
      "name": "RM_V-",
      "x": 8,
      "y": 2,
      "w": 1,
      "h": 1
    },
    {
      "id": 18,
      "text": "RM_SP+",
      "code": 24665,
      "name": "RM_SP+",
      "x": 9,
      "y": 2,
      "w": 1,
      "h": 1
    },
    {
      "id": 19,
      "text": "RM_SP-",
      "code": 24666,
      "name": "RM_SP-",
      "x": 10,
      "y": 2,
      "w": 1,
      "h": 1
    },
    {
      "id": 20,
      "text": "U_O_W",
      "code": 24672,
      "name": "U_O_W",
      "x": 0,
      "y": 4,
      "w": 1,
      "h": 1
    },
    {
      "id": 21,
      "text": "BLE_1",
      "code": 24673,
      "name": "BLE_1",
      "x": 1,
      "y": 4,
      "w": 1,
      "h": 1
    },
    {
      "id": 22,
      "text": "BLE_2",
      "code": 24674,
      "name": "BLE_2",
      "x": 2,
      "y": 4,
      "w": 1,
      "h": 1
    },
    {
      "id": 23,
      "text": "BLE_3",
      "code": 24675,
      "name": "BLE_3",
      "x": 3,
      "y": 4,
      "w": 1,
      "h": 1
    },
    {
      "id": 24,
      "text": "BLE_R",
      "code": 24676,
      "name": "BLE_R",
      "x": 4,
      "y": 4,
      "w": 1,
      "h": 1
    },
    {
      "id": 25,
      "text": "M_USB",
      "code": 24677,
      "name": "M_USB",
      "x": 5,
      "y": 4,
      "w": 1,
      "h": 1
    },
    {
      "id": 26,
      "text": "M_24G",
      "code": 24678,
      "name": "M_24G",
      "x": 6,
      "y": 4,
      "w": 1,
      "h": 1
    },
    {
      "id": 27,
      "text": "M_BLE",
      "code": 24679,
      "name": "M_BLE",
      "x": 7,
      "y": 4,
      "w": 1,
      "h": 1
    },

    {
      "id": 28,
      "text": "CL_BIND",
      "code": 24680,
      "name": "CL_BIND",
      "x": 8,
      "y": 4,
      "w": 1,
      "h": 1
    },
    {
      "id": 29,
      "text": "RST_KB",
      "code": 24681,
      "name": "RST_KB",
      "x": 9,
      "y": 4,
      "w": 1,
      "h": 1
    },
    {
      "id": 30,
      "text": "NKRO",
      "code": 24682,
      "name": "NKRO",
      "x": 10,
      "y": 4,
      "w": 1,
      "h": 1
    },
    {
      "id": 31,
      "text": "KB_OFF",
      "code": 24683,
      "name": "KB_OFF",
      "x": 11,
      "y": 4,
      "w": 1,
      "h": 1
    },
    {
      "id": 32,
      "text": "KB_SLP",
      "code": 24684,
      "name": "KB_SLP",
      "x": 12,
      "y": 4,
      "w": 1,
      "h": 1
    },
    {
      "id": 33,
      "text": "KB_DFU",
      "code": 24685,
      "name": "KB_DFU",
      "x": 13,
      "y": 4,
      "w": 1,
      "h": 1
    },
    {
      "id": 34,
      "text": "PRT_BAT",
      "code": 24686,
      "name": "PRT_BAT",
      "x": 0,
      "y": 5,
      "w": 1,
      "h": 1
    },
    {
      "id": 35,
      "text": "RC_DFU",
      "code": 24687,
      "name": "RC_DFU",
      "x": 1,
      "y": 5,
      "w": 1,
      "h": 1
    },
    {
      "id": 36,
      "text": "F_ESC",
      "code": 24816,
      "name": "F_ESC",
      "x": 2,
      "y": 5,
      "w": 1,
      "h": 1
    },
    {
      "id": 37,
      "text": "F_BSPACE",
      "code": 24817,
      "name": "F_BSPACE",
      "x": 3,
      "y": 5,
      "w": 1,
      "h": 1
    }
  ]
}
