{
  "other_key": [
    {
      "id": 0,
      "text": "NO",
      "code": 0,
      "name": "NO",
      "x": 0,
      "y": 0,
      "w": 1,
      "h": 1
    },
    {
      "id": 1,
      "text": "TRAN",
      "code": 1,
      "name": "TRAN",
      "x": 1,
      "y": 0,
      "w": 1,
      "h": 1
    },
    {
      "id": 2,
      "text": "#\n~",
      "code": 50,
      "name": "#\n~",
      "x": 0,
      "y": 3.75,
      "w": 1,
      "h": 1
    },
    {
      "id": 3,
      "text": "\\\n|",
      "code": 100,
      "name": "\\\n|",
      "x": 1,
      "y": 3.75,
      "w": 1,
      "h": 1
    },
    {
      "id": 4,
      "text": "APP",
      "code": 101,
      "name": "APP",
      "x": 2,
      "y": 3.75,
      "w": 1,
      "h": 1
    },
    {
      "id": 5,
      "text": "MAC电源",
      "code": 102,
      "name": "MAC电源",
      "x": 3,
      "y": 3.75,
      "w": 1,
      "h": 1
    },
    {
      "id": 6,
      "text": "=",
      "code": 103,
      "name": "=",
      "x": 4,
      "y": 3.75,
      "w": 1,
      "h": 1
    },
    {
      "id": 7,
      "text": "F13",
      "code": 104,
      "name": "F13",
      "x": 3,
      "y": 0,
      "w": 1,
      "h": 1
    },
    {
      "id": 8,
      "text": "F14",
      "code": 105,
      "name": "F14",
      "x": 4,
      "y": 0,
      "w": 1,
      "h": 1
    },
    {
      "id": 9,
      "text": "F15",
      "code": 106,
      "name": "F15",
      "x": 5,
      "y": 0,
      "w": 1,
      "h": 1
    },
    {
      "id": 10,
      "text": "F16",
      "code": 107,
      "name": "F16",
      "x": 6,
      "y": 0,
      "w": 1,
      "h": 1
    },
    {
      "id": 11,
      "text": "F17",
      "code": 108,
      "name": "F17",
      "x": 7,
      "y": 0,
      "w": 1,
      "h": 1
    },
    {
      "id": 12,
      "text": "F18",
      "code": 109,
      "name": "F18",
      "x": 8,
      "y": 0,
      "w": 1,
      "h": 1
    },
    {
      "id": 13,
      "text": "F19",
      "code": 110,
      "name": "F19",
      "x": 9,
      "y": 0,
      "w": 1,
      "h": 1
    },
    {
      "id": 14,
      "text": "F20",
      "code": 111,
      "name": "F20",
      "x": 10,
      "y": 0,
      "w": 1,
      "h": 1
    },
    {
      "id": 15,
      "text": "F21",
      "code": 112,
      "name": "F21",
      "x": 11,
      "y": 0,
      "w": 1,
      "h": 1
    },
    {
      "id": 16,
      "text": "F22",
      "code": 113,
      "name": "F22",
      "x": 12,
      "y": 0,
      "w": 1,
      "h": 1
    },
    {
      "id": 17,
      "text": "F23",
      "code": 114,
      "name": "F23",
      "x": 13,
      "y": 0,
      "w": 1,
      "h": 1
    },
    {
      "id": 18,
      "text": "F24",
      "code": 115,
      "name": "F24",
      "x": 14,
      "y": 0,
      "w": 1,
      "h": 1
    },
    {
      "id": 19,
      "text": "KC_RO",
      "code": 135,
      "name": "KC_RO",
      "x": 0,
      "y": 4.75,
      "w": 1,
      "h": 1
    },
    {
      "id": 20,
      "text": "KANA",
      "code": 136,
      "name": "KANA",
      "x": 1,
      "y": 4.75,
      "w": 1,
      "h": 1
    },
    {
      "id": 21,
      "text": "JYEN\n¥|",
      "code": 137,
      "name": "JYEN\n¥|",
      "x": 2,
      "y": 4.75,
      "w": 1,
      "h": 1
    },
    {
      "id": 22,
      "text": "HENK",
      "code": 138,
      "name": "HENK",
      "x": 3,
      "y": 4.75,
      "w": 1,
      "h": 1
    },
    {
      "id": 23,
      "text": "MHEN",
      "code": 139,
      "name": "MHEN",
      "x": 4,
      "y":4.75,
      "w": 1,
      "h": 1
    },
    {
      "id": 24,
      "text": "电源",
      "code": 165,
      "name": "电源",
      "x": 0,
      "y": 1.25,
      "w": 1,
      "h": 1
    },
    {
      "id": 25,
      "text": "睡眠",
      "code": 166,
      "name": "睡眠",
      "x": 1,
      "y": 1.25,
      "w": 1,
      "h": 1
    },
    {
      "id": 26,
      "text": "唤醒",
      "code": 167,
      "name": "唤醒",
      "x": 2,
      "y": 1.25,
      "w": 1,
      "h": 1
    },
    {
      "id": 27,
      "text": "静音",
      "code": 168,
      "name": "静音",
      "x": 6,
      "y": 1.25,
      "w": 1,
      "h": 1
    },
    {
      "id": 28,
      "text": "音量+",
      "code": 169,
      "name": "音量+",
      "x": 7,
      "y": 1.25,
      "w": 1,
      "h": 1
    },
    {
      "id": 29,
      "text": "音量-",
      "code": 170,
      "name": "音量-",
      "x": 8,
      "y": 1.25,
      "w": 1,
      "h": 1
    },
    {
      "id": 30,
      "text": "下一曲",
      "code": 171,
      "name": "下一曲",
      "x": 9,
      "y": 1.25,
      "w": 1,
      "h": 1
    },
    {
      "id": 31,
      "text": "上一曲",
      "code": 172,
      "name": "上一曲",
      "x": 10,
      "y": 1.25,
      "w": 1,
      "h": 1
    },
    {
      "id": 32,
      "text": "快进",
      "code": 173,
      "name": "快进",
      "x": 11,
      "y": 1.25,
      "w": 1,
      "h": 1
    },
    {
      "id": 33,
      "text": "快退",
      "code": 174,
      "name": "快退",
      "x": 12,
      "y": 1.25,
      "w": 1,
      "h": 1
    },
    {
      "id": 34,
      "text": "停止",
      "code": 175,
      "name": "停止",
      "x": 13,
      "y": 1.25,
      "w": 1,
      "h": 1
    },
    {
      "id": 35,
      "text": "暂停",
      "code": 176,
      "name": "暂停",
      "x": 14,
      "y": 1.25,
      "w": 1,
      "h": 1
    },
    {
      "id": 36,
      "text": "弹出",
      "code": 177,
      "name": "弹出",
      "x": 3,
      "y": 2.5,
      "w": 1,
      "h": 1
    },
    {
      "id": 37,
      "text": "选择",
      "code": 178,
      "name": "选择",
      "x": 4,
      "y": 2.5,
      "w": 1,
      "h": 1
    },
    {
      "id": 38,
      "text": "E-mail",
      "code": 179,
      "name": "E-mail",
      "x": 5,
      "y": 2.5,
      "w": 1,
      "h": 1
    },
    {
      "id": 39,
      "text": "计算器",
      "code": 180,
      "name": "计算器",
      "x": 6,
      "y": 2.5,
      "w": 1,
      "h": 1
    },
    {
      "id": 40,
      "text": "我的电脑",
      "code": 181,
      "name": "我的电脑",
      "x": 7,
      "y": 2.5,
      "w": 1,
      "h": 1
    },
    {
      "id": 41,
      "text": "搜索",
      "code": 182,
      "name": "搜索",
      "x": 8,
      "y": 2.5,
      "w": 1,
      "h": 1
    },
    {
      "id": 42,
      "text": "主页",
      "code": 183,
      "name": "主页",
      "x": 9,
      "y": 2.5,
      "w": 1,
      "h": 1
    },
    {
      "id": 43,
      "text": "后退",
      "code": 184,
      "name": "后退",
      "x": 10,
      "y": 2.5,
      "w": 1,
      "h": 1
    },
    {
      "id": 44,
      "text": "前进",
      "code": 185,
      "name": "前进",
      "x": 11,
      "y": 2.5,
      "w": 1,
      "h": 1
    },
    {
      "id": 45,
      "text": "停止",
      "code": 186,
      "name": "停止",
      "x": 12,
      "y": 2.5,
      "w": 1,
      "h": 1
    },
    {
      "id": 46,
      "text": "刷新",
      "code": 187,
      "name": "刷新",
      "x": 13,
      "y": 2.5,
      "w": 1,
      "h": 1
    },
    {
      "id": 47,
      "text": "收藏",
      "code": 188,
      "name": "收藏",
      "x": 14,
      "y": 2.5,
      "w": 1,
      "h": 1
    },
    {
      "id": 48,
      "text": "亮度+",
      "code": 189,
      "name": "亮度+",
      "x": 0,
      "y": 2.5,
      "w": 1,
      "h": 1
    },
    {
      "id": 49,
      "text": "亮度-",
      "code": 190,
      "name": "亮度-",
      "x": 1,
      "y": 2.5,
      "w": 1,
      "h": 1
    },
    {
      "id": 50,
      "text": "鼠标\n↑",
      "code": 240,
      "name": "鼠标\n↑",
      "x": 7,
      "y": 3.75,
      "w": 1,
      "h": 1
    },
    {
      "id": 51,
      "text": "鼠标\n↓",
      "code": 241,
      "name": "鼠标\n↓",
      "x": 8,
      "y": 3.75,
      "w": 1,
      "h": 1
    },
    {
      "id": 52,
      "text": "鼠标\n←",
      "code": 242,
      "name": "鼠标\n←",
      "x": 9,
      "y": 3.75,
      "w": 1,
      "h": 1
    },
    {
      "id": 53,
      "text": "鼠标\n→",
      "code": 243,
      "name": "鼠标\n→",
      "x": 10,
      "y": 3.75,
      "w": 1,
      "h": 1
    },
    {
      "id": 54,
      "text": "MS左键",
      "code": 244,
      "name": "MS左键",
      "x": 11,
      "y": 3.75,
      "w": 1,
      "h": 1
    },
    {
      "id": 55,
      "text": "MS右键",
      "code": 245,
      "name": "MS右键",
      "x": 12,
      "y": 3.75,
      "w": 1,
      "h": 1
    },
    {
      "id": 56,
      "text": "MS中键",
      "code": 246,
      "name": "MS中键",
      "x": 13,
      "y": 3.75,
      "w": 1,
      "h": 1
    },
    {
      "id": 57,
      "text": "MS后退",
      "code": 247,
      "name": "MS后退",
      "x": 14,
      "y": 3.75,
      "w": 1,
      "h": 1
    },
    {
      "id": 58,
      "text": "MS前进",
      "code": 248,
      "name": "MS前进",
      "x": 7,
      "y": 4.75,
      "w": 1,
      "h": 1
    },
    {
      "id": 59,
      "text": "滚轮\n↑",
      "code": 249,
      "name": "滚轮\n↑",
      "x": 8,
      "y": 4.75,
      "w": 1,
      "h": 1
    },
    {
      "id": 60,
      "text": "滚轮\n↓",
      "code": 250,
      "name": "滚轮\n↓",
      "x": 9,
      "y": 4.75,
      "w": 1,
      "h": 1
    },
    {
      "id": 61,
      "text": "滚轮\n←",
      "code": 251,
      "name": "滚轮\n←",
      "x": 10,
      "y": 4.75,
      "w": 1,
      "h": 1
    },
    {
      "id": 62,
      "text": "滚轮\n→",
      "code": 252,
      "name": "滚轮\n→",
      "x": 11,
      "y": 4.75,
      "w": 1,
      "h": 1
    },
    {
      "id": 63,
      "text": "MS_SLOW",
      "code": 253,
      "name": "MS_SLOW",
      "x": 12,
      "y": 4.75,
      "w": 1,
      "h": 1
    },
    {
      "id": 64,
      "text": "MS_MID",
      "code": 254,
      "name": "MS_MID",
      "x": 13,
      "y": 4.75,
      "w": 1,
      "h": 1
    },
    {
      "id": 65,
      "text": "MS_FAST",
      "code": 255,
      "name": "MS_FAST",
      "x": 14,
      "y": 4.75,
      "w": 1,
      "h": 1
    }
  ]
}
