{
  "author": "zoroada",
  "cols": 12,
  "split": [
    {
      "desc": "R_SHIFT",
      "id": 0,
      "split": ["1.25+1u", "1+1.25u"],
      "value": 0
    },
    {
      "desc": "SPACE",
      "id": 1,
      "split": ["7u", "3u", "2.25u"],
      "value": 0
    }
  ],
  "keycodes": [
    [
      [0, 0, 0, 0, 0, 0, 0, 0, 0, 0, 0, 0],
      [0, 0, 0, 0, 0, 0, 0, 0, 0, 0, 0, 0],
      [0, 0, 0, 0, 0, 0, 0, 0, 0, 0, 0, 0],
      [0, 0, 0, 0, 0, 0, 0, 0, 0, 0, 0, 0]
    ],
    [
      [0, 0, 0, 0, 0, 0, 0, 0, 0, 0, 0, 0],
      [0, 0, 0, 0, 0, 0, 0, 0, 0, 0, 0, 0],
      [0, 0, 0, 0, 0, 0, 0, 0, 0, 0, 0, 0],
      [0, 0, 0, 0, 0, 0, 0, 0, 0, 0, 0, 0]
    ],
    [
      [0, 0, 0, 0, 0, 0, 0, 0, 0, 0, 0, 0],
      [0, 0, 0, 0, 0, 0, 0, 0, 0, 0, 0, 0],
      [0, 0, 0, 0, 0, 0, 0, 0, 0, 0, 0, 0],
      [0, 0, 0, 0, 0, 0, 0, 0, 0, 0, 0, 0]
    ],
    [
      [0, 0, 0, 0, 0, 0, 0, 0, 0, 0, 0, 0],
      [0, 0, 0, 0, 0, 0, 0, 0, 0, 0, 0, 0],
      [0, 0, 0, 0, 0, 0, 0, 0, 0, 0, 0, 0],
      [0, 0, 0, 0, 0, 0, 0, 0, 0, 0, 0, 0]
    ],
    [
      [0, 0, 0, 0, 0, 0, 0, 0, 0, 0, 0, 0],
      [0, 0, 0, 0, 0, 0, 0, 0, 0, 0, 0, 0],
      [0, 0, 0, 0, 0, 0, 0, 0, 0, 0, 0, 0],
      [0, 0, 0, 0, 0, 0, 0, 0, 0, 0, 0, 0]
    ],
    [
      [0, 0, 0, 0, 0, 0, 0, 0, 0, 0, 0, 0],
      [0, 0, 0, 0, 0, 0, 0, 0, 0, 0, 0, 0],
      [0, 0, 0, 0, 0, 0, 0, 0, 0, 0, 0, 0],
      [0, 0, 0, 0, 0, 0, 0, 0, 0, 0, 0, 0]
    ],
    [
      [0, 0, 0, 0, 0, 0, 0, 0, 0, 0, 0, 0],
      [0, 0, 0, 0, 0, 0, 0, 0, 0, 0, 0, 0],
      [0, 0, 0, 0, 0, 0, 0, 0, 0, 0, 0, 0],
      [0, 0, 0, 0, 0, 0, 0, 0, 0, 0, 0, 0]
    ],
    [
      [0, 0, 0, 0, 0, 0, 0, 0, 0, 0, 0, 0],
      [0, 0, 0, 0, 0, 0, 0, 0, 0, 0, 0, 0],
      [0, 0, 0, 0, 0, 0, 0, 0, 0, 0, 0, 0],
      [0, 0, 0, 0, 0, 0, 0, 0, 0, 0, 0, 0]
    ]
  ],
  "layout": [
    {
      "keys": [
        {
          "c": 0,
          "r": 0
        },
        {
          "c": 1,
          "r": 0
        },
        {
          "c": 2,
          "r": 0
        },
        {
          "c": 3,
          "r": 0
        },
        {
          "c": 4,
          "r": 0
        },
        {
          "c": 5,
          "r": 0
        },
        {
          "c": 6,
          "r": 0
        },
        {
          "c": 7,
          "r": 0
        },
        {
          "c": 8,
          "r": 0
        },
        {
          "c": 9,
          "r": 0
        },
        {
          "c": 10,
          "r": 0
        },
        {
          "c": 11,
          "r": 0
        }
      ]
    },
    {
      "keys": [
        {
          "c": 0,
          "r": 1,
          "w": 1.25
        },
        {
          "c": 1,
          "r": 1
        },
        {
          "c": 2,
          "r": 1
        },
        {
          "c": 3,
          "r": 1
        },
        {
          "c": 4,
          "r": 1
        },
        {
          "c": 5,
          "r": 1
        },
        {
          "c": 6,
          "r": 1
        },
        {
          "c": 7,
          "r": 1
        },
        {
          "c": 8,
          "r": 1
        },
        {
          "c": 9,
          "r": 1
        },
        {
          "c": 11,
          "r": 1,
          "w": 1.75
        }
      ]
    },
    {
      "keys": [
        {
          "c": 0,
          "r": 2,
          "w": 1.75
        },
        {
          "c": 2,
          "r": 2
        },
        {
          "c": 3,
          "r": 2
        },
        {
          "c": 4,
          "r": 2
        },
        {
          "c": 5,
          "r": 2
        },
        {
          "c": 6,
          "r": 2
        },
        {
          "c": 7,
          "r": 2
        },
        {
          "c": 8,
          "r": 2
        },
        {
          "c": 9,
          "r": 2
        },
        {
            "c": 10,
            "r": 2,
            "split": {
              "id": 0,
              "value": 0
            }
          },
        {
            "c": 11,
            "r": 2,
            "w": 1.25,
            "split": {
              "id": 0,
              "value": 0
            }
          },
        {
          "c": 10,
          "r": 2,
          "w": 1.25,
          "split": {
            "id": 0,
            "value": 1
          }
        },
        {
          "c": 11,
          "r": 2,
          "split": {
            "id": 0,
            "value": 1
          }
        }
      ]
    },
    {
      "keys": [
        {
          "c": 0,
          "r": 3,
          "w": 1.25
        },
        {
          "c": 1,
          "r": 3,
          "w": 1.25
        },
        {
          "c": 7,
          "r": 3,
          "w": 7,
          "split": {
            "id": 1,
            "value": 0
          }
        },
        {
          "c": 4,
          "r": 3,
          "w": 3,
          "split": {
            "id": 1,
            "value": 1
          }
        },
        {
          "c": 7,
          "r": 3,
          "split": {
            "id": 1,
            "value": 1
          }
        },
        {
          "c": 9,
          "r": 3,
          "w": 3,
          "split": {
            "id": 1,
            "value": 1
          }
        },
        {
          "c": 2,
          "r": 3,
          "split": {
            "id": 1,
            "value": 2
          }
        },
        {
          "c": 4,
          "r": 3,
          "w": 2.25,
          "split": {
            "id": 1,
            "value": 2
          }
        },
        {
          "c": 7,
          "r": 3,
          "w": 2.75,
          "split": {
            "id": 1,
            "value": 2
          }
        },
        {
          "c": 9,
          "r": 3,
          "split": {
            "id": 1,
            "value": 2
          }
        },
        {
          "c": 10,
          "r": 3,
          "w": 1.25
        },
        {
          "c": 11,
          "r": 3,
          "w": 1.25
        }
      ]
    }
  ],
  "name": "zoro40m",
  "product_id": 64,
  "rows": 4,
  "vendor_id": 1312,
  "version": "1.4.0"
}
