{
  "author": "zoroada",
  "cols": 19,
  "keycodes": [
    [
      [0, 0, 0, 0, 0, 0, 0, 0, 0, 0, 0, 0, 0, 0, 0, 0, 0, 0, 0],
      [0, 0, 0, 0, 0, 0, 0, 0, 0, 0, 0, 0, 0, 0, 0, 0, 0, 0, 0],
      [0, 0, 0, 0, 0, 0, 0, 0, 0, 0, 0, 0, 0, 0, 0, 0, 0, 0, 0],
      [0, 0, 0, 0, 0, 0, 0, 0, 0, 0, 0, 0, 0, 0, 0, 0, 0, 0, 0],
      [0, 0, 0, 0, 0, 0, 0, 0, 0, 0, 0, 0, 0, 0, 0, 0, 0, 0, 0],
      [0, 0, 0, 0, 0, 0, 0, 0, 0, 0, 0, 0, 0, 0, 0, 0, 0, 0, 0],
      [0, 0, 0, 0, 0, 0, 0, 0, 0, 0, 0, 0, 0, 0, 0, 0, 0, 0, 0]
    ],
    [
      [0, 0, 0, 0, 0, 0, 0, 0, 0, 0, 0, 0, 0, 0, 0, 0, 0, 0, 0],
      [0, 0, 0, 0, 0, 0, 0, 0, 0, 0, 0, 0, 0, 0, 0, 0, 0, 0, 0],
      [0, 0, 0, 0, 0, 0, 0, 0, 0, 0, 0, 0, 0, 0, 0, 0, 0, 0, 0],
      [0, 0, 0, 0, 0, 0, 0, 0, 0, 0, 0, 0, 0, 0, 0, 0, 0, 0, 0],
      [0, 0, 0, 0, 0, 0, 0, 0, 0, 0, 0, 0, 0, 0, 0, 0, 0, 0, 0],
      [0, 0, 0, 0, 0, 0, 0, 0, 0, 0, 0, 0, 0, 0, 0, 0, 0, 0, 0],
      [0, 0, 0, 0, 0, 0, 0, 0, 0, 0, 0, 0, 0, 0, 0, 0, 0, 0, 0]
    ],
    [
      [0, 0, 0, 0, 0, 0, 0, 0, 0, 0, 0, 0, 0, 0, 0, 0, 0, 0, 0],
      [0, 0, 0, 0, 0, 0, 0, 0, 0, 0, 0, 0, 0, 0, 0, 0, 0, 0, 0],
      [0, 0, 0, 0, 0, 0, 0, 0, 0, 0, 0, 0, 0, 0, 0, 0, 0, 0, 0],
      [0, 0, 0, 0, 0, 0, 0, 0, 0, 0, 0, 0, 0, 0, 0, 0, 0, 0, 0],
      [0, 0, 0, 0, 0, 0, 0, 0, 0, 0, 0, 0, 0, 0, 0, 0, 0, 0, 0],
      [0, 0, 0, 0, 0, 0, 0, 0, 0, 0, 0, 0, 0, 0, 0, 0, 0, 0, 0],
      [0, 0, 0, 0, 0, 0, 0, 0, 0, 0, 0, 0, 0, 0, 0, 0, 0, 0, 0]
    ],
    [
      [0, 0, 0, 0, 0, 0, 0, 0, 0, 0, 0, 0, 0, 0, 0, 0, 0, 0, 0],
      [0, 0, 0, 0, 0, 0, 0, 0, 0, 0, 0, 0, 0, 0, 0, 0, 0, 0, 0],
      [0, 0, 0, 0, 0, 0, 0, 0, 0, 0, 0, 0, 0, 0, 0, 0, 0, 0, 0],
      [0, 0, 0, 0, 0, 0, 0, 0, 0, 0, 0, 0, 0, 0, 0, 0, 0, 0, 0],
      [0, 0, 0, 0, 0, 0, 0, 0, 0, 0, 0, 0, 0, 0, 0, 0, 0, 0, 0],
      [0, 0, 0, 0, 0, 0, 0, 0, 0, 0, 0, 0, 0, 0, 0, 0, 0, 0, 0],
      [0, 0, 0, 0, 0, 0, 0, 0, 0, 0, 0, 0, 0, 0, 0, 0, 0, 0, 0]
    ],
    [
      [0, 0, 0, 0, 0, 0, 0, 0, 0, 0, 0, 0, 0, 0, 0, 0, 0, 0, 0],
      [0, 0, 0, 0, 0, 0, 0, 0, 0, 0, 0, 0, 0, 0, 0, 0, 0, 0, 0],
      [0, 0, 0, 0, 0, 0, 0, 0, 0, 0, 0, 0, 0, 0, 0, 0, 0, 0, 0],
      [0, 0, 0, 0, 0, 0, 0, 0, 0, 0, 0, 0, 0, 0, 0, 0, 0, 0, 0],
      [0, 0, 0, 0, 0, 0, 0, 0, 0, 0, 0, 0, 0, 0, 0, 0, 0, 0, 0],
      [0, 0, 0, 0, 0, 0, 0, 0, 0, 0, 0, 0, 0, 0, 0, 0, 0, 0, 0],
      [0, 0, 0, 0, 0, 0, 0, 0, 0, 0, 0, 0, 0, 0, 0, 0, 0, 0, 0]
    ],
    [
      [0, 0, 0, 0, 0, 0, 0, 0, 0, 0, 0, 0, 0, 0, 0, 0, 0, 0, 0],
      [0, 0, 0, 0, 0, 0, 0, 0, 0, 0, 0, 0, 0, 0, 0, 0, 0, 0, 0],
      [0, 0, 0, 0, 0, 0, 0, 0, 0, 0, 0, 0, 0, 0, 0, 0, 0, 0, 0],
      [0, 0, 0, 0, 0, 0, 0, 0, 0, 0, 0, 0, 0, 0, 0, 0, 0, 0, 0],
      [0, 0, 0, 0, 0, 0, 0, 0, 0, 0, 0, 0, 0, 0, 0, 0, 0, 0, 0],
      [0, 0, 0, 0, 0, 0, 0, 0, 0, 0, 0, 0, 0, 0, 0, 0, 0, 0, 0],
      [0, 0, 0, 0, 0, 0, 0, 0, 0, 0, 0, 0, 0, 0, 0, 0, 0, 0, 0]
    ],
    [
      [0, 0, 0, 0, 0, 0, 0, 0, 0, 0, 0, 0, 0, 0, 0, 0, 0, 0, 0],
      [0, 0, 0, 0, 0, 0, 0, 0, 0, 0, 0, 0, 0, 0, 0, 0, 0, 0, 0],
      [0, 0, 0, 0, 0, 0, 0, 0, 0, 0, 0, 0, 0, 0, 0, 0, 0, 0, 0],
      [0, 0, 0, 0, 0, 0, 0, 0, 0, 0, 0, 0, 0, 0, 0, 0, 0, 0, 0],
      [0, 0, 0, 0, 0, 0, 0, 0, 0, 0, 0, 0, 0, 0, 0, 0, 0, 0, 0],
      [0, 0, 0, 0, 0, 0, 0, 0, 0, 0, 0, 0, 0, 0, 0, 0, 0, 0, 0],
      [0, 0, 0, 0, 0, 0, 0, 0, 0, 0, 0, 0, 0, 0, 0, 0, 0, 0, 0]
    ],
    [
      [0, 0, 0, 0, 0, 0, 0, 0, 0, 0, 0, 0, 0, 0, 0, 0, 0, 0, 0],
      [0, 0, 0, 0, 0, 0, 0, 0, 0, 0, 0, 0, 0, 0, 0, 0, 0, 0, 0],
      [0, 0, 0, 0, 0, 0, 0, 0, 0, 0, 0, 0, 0, 0, 0, 0, 0, 0, 0],
      [0, 0, 0, 0, 0, 0, 0, 0, 0, 0, 0, 0, 0, 0, 0, 0, 0, 0, 0],
      [0, 0, 0, 0, 0, 0, 0, 0, 0, 0, 0, 0, 0, 0, 0, 0, 0, 0, 0],
      [0, 0, 0, 0, 0, 0, 0, 0, 0, 0, 0, 0, 0, 0, 0, 0, 0, 0, 0],
      [0, 0, 0, 0, 0, 0, 0, 0, 0, 0, 0, 0, 0, 0, 0, 0, 0, 0, 0]
    ]
  ],
  "layout": [
    {
      "keys": [
        {
          "c": 0,
          "r": 0
        },
        {
          "c": 2,
          "r": 0,
          "x": 0.25
        },
        {
          "c": 3,
          "r": 0
        },
        {
          "c": 4,
          "r": 0
        },
        {
          "c": 5,
          "r": 0
        },
        {
          "c": 6,
          "r": 0,
          "x": 0.25
        },
        {
          "c": 7,
          "r": 0
        },
        {
          "c": 8,
          "r": 0
        },
        {
          "c": 9,
          "r": 0
        },
        {
          "c": 10,
          "r": 0,
          "x": 0.25
        },
        {
          "c": 11,
          "r": 0
        },
        {
          "c": 12,
          "r": 0
        },
        {
          "c": 13,
          "r": 0
        },
        {
          "c": 15,
          "r": 0,
          "x": 1.75
        },
        {
          "c": 16,
          "r": 0
        },
        {
          "c": 17,
          "r": 0
        },
        {
          "c": 18,
          "r": 0
        }
      ]
    },
    {
      "keys": [
        {
          "c": 15,
          "r": 1,
          "x": 15.5
        },
        {
          "c": 16,
          "r": 1
        },
        {
          "c": 17,
          "r": 1
        },
        {
          "c": 18,
          "r": 1
        }
      ]
    },
    {
      "keys": [
        {
          "c": 0,
          "r": 2
        },
        {
          "c": 1,
          "r": 2
        },
        {
          "c": 2,
          "r": 2
        },
        {
          "c": 3,
          "r": 2
        },
        {
          "c": 4,
          "r": 2
        },
        {
          "c": 5,
          "r": 2
        },
        {
          "c": 6,
          "r": 2
        },
        {
          "c": 7,
          "r": 2
        },
        {
          "c": 8,
          "r": 2
        },
        {
          "c": 9,
          "r": 2
        },
        {
          "c": 10,
          "r": 2
        },
        {
          "c": 11,
          "r": 2
        },
        {
          "c": 12,
          "r": 2
        },
        {
          "c": 13,
          "r": 2,
          "split": {
            "id": 0,
            "value": 0
          },
          "w": 2
        },
        {
          "c": 13,
          "r": 2,
          "split": {
            "id": 0,
            "value": 1
          }
        },
        {
          "c": 14,
          "r": 2,
          "split": {
            "id": 0,
            "value": 1
          }
        },
        {
          "c": 15,
          "r": 2,
          "x": 0.5
        },
        {
          "c": 16,
          "r": 2
        },
        {
          "c": 17,
          "r": 2
        },
        {
          "c": 18,
          "r": 2
        }
      ]
    },
    {
      "keys": [
        {
          "c": 0,
          "r": 3,
          "w": 1.5
        },
        {
          "c": 1,
          "r": 3
        },
        {
          "c": 2,
          "r": 3
        },
        {
          "c": 3,
          "r": 3
        },
        {
          "c": 4,
          "r": 3
        },
        {
          "c": 5,
          "r": 3
        },
        {
          "c": 6,
          "r": 3
        },
        {
          "c": 7,
          "r": 3
        },
        {
          "c": 8,
          "r": 3
        },
        {
          "c": 9,
          "r": 3
        },
        {
          "c": 10,
          "r": 3
        },
        {
          "c": 11,
          "r": 3
        },
        {
          "c": 12,
          "r": 3
        },
        {
          "c": 13,
          "r": 3,
          "split": {
            "id": 1,
            "value": 0
          },
          "w": 1.5
        },
        {
          "c": 13,
          "h": 2,
          "r": 3,
          "split": {
            "id": 1,
            "value": 1
          },
          "w": 1.25,
          "x": 0.25
        },
        {
          "c": 15,
          "r": 3,
          "x": 0.5
        },
        {
          "c": 16,
          "r": 3
        },
        {
          "c": 17,
          "r": 3
        },
        {
          "c": 18,
          "h": 2,
          "r": 3,
          "split": {
            "id": 2,
            "value": 0
          }
        },
        {
          "c": 18,
          "r": 3,
          "split": {
            "id": 2,
            "value": 1
          }
        }
      ]
    },
    {
      "keys": [
        {
          "c": 0,
          "r": 4,
          "w": 1.75
        },
        {
          "c": 2,
          "r": 4
        },
        {
          "c": 3,
          "r": 4
        },
        {
          "c": 4,
          "r": 4
        },
        {
          "c": 5,
          "r": 4
        },
        {
          "c": 6,
          "r": 4
        },
        {
          "c": 7,
          "r": 4
        },
        {
          "c": 8,
          "r": 4
        },
        {
          "c": 9,
          "r": 4
        },
        {
          "c": 10,
          "r": 4
        },
        {
          "c": 11,
          "r": 4
        },
        {
          "c": 12,
          "r": 4
        },
        {
          "c": 13,
          "r": 4,
          "split": {
            "id": 1,
            "value": 0
          },
          "w": 2.25
        },
        {
          "c": 13,
          "r": 4,
          "split": {
            "id": 1,
            "value": 1
          }
        },
        {
          "c": 15,
          "r": 4,
          "split": {
            "id": 1,
            "value": 0
          },
          "x": 0.5
        },
        {
          "c": 15,
          "r": 4,
          "split": {
            "id": 1,
            "value": 1
          },
          "x": 1.75
        },
        {
          "c": 16,
          "r": 4
        },
        {
          "c": 17,
          "r": 4
        },
        {
          "c": 18,
          "r": 4,
          "split": {
            "id": 2,
            "value": 1
          }
        }
      ]
    },
    {
      "keys": [
        {
          "c": 0,
          "r": 5,
          "w": 2.25,
          "split": {
            "id": 5,
            "value": 0
          }
        },
        {
          "c": 0,
          "r": 5,
          "w": 1.25,
          "split": {
            "id": 5,
            "value": 1
          }
        },
        {
          "c": 2,
          "r": 5,
          "split": {
            "id": 5,
            "value": 1
          }
        },
        {
          "c": 3,
          "r": 5
        },
        {
          "c": 4,
          "r": 5
        },
        {
          "c": 5,
          "r": 5
        },
        {
          "c": 6,
          "r": 5
        },
        {
          "c": 7,
          "r": 5
        },
        {
          "c": 8,
          "r": 5
        },
        {
          "c": 9,
          "r": 5
        },
        {
          "c": 10,
          "r": 5
        },
        {
          "c": 11,
          "r": 5
        },
        {
          "c": 12,
          "r": 5
        },
        {
          "c": 13,
          "r": 5,
          "w": 1.75
        },
        {
          "c": 14,
          "r": 5,
          "x": 0.25,
          "y": 0.25
        },
        {
          "c": 15,
          "r": 5,
          "x": 0.25,
          "y": -0.25
        },
        {
          "c": 16,
          "r": 5
        },
        {
          "c": 17,
          "r": 5
        },
        {
          "c": 18,
          "h": 2,
          "r": 5,
          "split": {
            "id": 3,
            "value": 0
          }
        },
        {
          "c": 18,
          "r": 5,
          "split": {
            "id": 3,
            "value": 1
          }
        }
      ]
    },
    {
      "keys": [
        {
          "c": 0,
          "r": 6,
          "split": {
            "id": 4,
            "value": 0
          },
          "w": 1.25
        },
        {
          "c": 1,
          "r": 6,
          "split": {
            "id": 4,
            "value": 0
          }
        },
        {
          "c": 2,
          "r": 6,
          "split": {
            "id": 4,
            "value": 0
          },
          "w": 1.25
        },
        {
          "c": 5,
          "r": 6,
          "split": {
            "id": 4,
            "value": 0
          },
          "w": 6.25
        },
        {
          "c": 9,
          "r": 6,
          "split": {
            "id": 4,
            "value": 0
          }
        },
        {
          "c": 10,
          "r": 6,
          "split": {
            "id": 4,
            "value": 0
          }
        },
        {
          "c": 11,
          "r": 6,
          "split": {
            "id": 4,
            "value": 0
          },
          "w":1.25
        },
        {
          "c": 0,
          "r": 6,
          "split": {
            "id": 4,
            "value": 1
          },
          "w": 1.5
        },
        {
          "c": 1,
          "r": 6,
          "split": {
            "id": 4,
            "value": 1
          },
          "w": 1.5
        },
        {
          "c": 5,
          "r": 6,
          "split": {
            "id": 4,
            "value": 1
          },
          "w": 7
        },
        {
          "c": 10,
          "r": 6,
          "split": {
            "id": 4,
            "value": 1
          },
          "w": 1.5
        },
        {
          "c": 11,
          "r": 6,
          "split": {
            "id": 4,
            "value": 1
          },
          "w": 1.5
        },
        {
          "c": 12,
          "r": 6,
          "x": 0.25,
          "y": 0.25
        },
        {
          "c": 13,
          "r": 6
        },
        {
          "c": 15,
          "r": 6
        },
        {
          "c": 16,
          "r": 6,
          "x": 0.25,
          "y": -0.25
        },
        {
          "c": 17,
          "r": 6
        },
        {
          "c": 18,
          "r": 6,
          "split": {
            "id": 3,
            "value": 1
          }
        }
      ]
    }
  ],
  "name": "zoro_1800P",
  "product_id": 6161,
  "rows": 7,
  "split": [
    {
      "desc": "B_SPACE",
      "id": 0,
      "split": ["2u", "1+1u"],
      "value": 0
    },
    {
      "desc": "ENTER",
      "id": 1,
      "split": ["2.25u", "ISO"],
      "value": 0
    },
    {
      "desc": "PAD_+",
      "id": 2,
      "split": ["2u", "1+1u"],
      "value": 0
    },
    {
      "desc": "P_ENTER",
      "id": 3,
      "split": ["2u", "1+1u"],
      "value": 0
    },
    {
      "desc": "SPACE",
      "id": 4,
      "split": ["6.25u", "7u"],
      "value": 0
    },
    {
      "desc": "LSHIFT",
      "id": 5,
      "split": ["2.25u", "1+1.25u"],
      "value": 0
    }
  ],
  "vendor_id": 1312,
  "version": "1.4.0"
}
