{
  "name": "zoro68",
  "author": "zoroada",
  "version": "1.4.0",
  "vendor_id":1312,
  "product_id":104,
  "rows": 5,
  "cols": 15,
  "layout": [
    {
      "keys": [
        { "r": 0, "c": 0 },
        { "r": 0, "c": 1 },
        { "r": 0, "c": 2 },
        { "r": 0, "c": 3 },
        { "r": 0, "c": 4 },
        { "r": 0, "c": 5 },
        { "r": 0, "c": 6 },
        { "r": 0, "c": 7 },
        { "r": 0, "c": 8 },
        { "r": 0, "c": 9 },
        { "r": 0, "c": 10 },
        { "r": 0, "c": 11 },
        { "r": 0, "c": 12 },
        { "r": 0, "c": 13, "w": 2 },
        { "r": 0, "c": 14 }  
      ]
    },
    {
      "keys": [
        { "r": 1, "c": 0, "w": 1.5 },
        { "r": 1, "c": 1 },
        { "r": 1, "c": 2 },
        { "r": 1, "c": 3 },
        { "r": 1, "c": 4 },
        { "r": 1, "c": 5 },
        { "r": 1, "c": 6 },
        { "r": 1, "c": 7 },
        { "r": 1, "c": 8 },
        { "r": 1, "c": 9 },
        { "r": 1, "c": 10 },
        { "r": 1, "c": 11 },
        { "r": 1, "c": 12 },
        { "r": 1, "c": 13, "w": 1.5 },
        { "r": 1, "c": 14 } 
      ]
    },
    {
      "keys": [
        { "r": 2, "c": 0, "w": 1.75 },
        { "r": 2, "c": 1 },
        { "r": 2, "c": 2 },
        { "r": 2, "c": 3 },
        { "r": 2, "c": 4 },
        { "r": 2, "c": 5 },
        { "r": 2, "c": 6 },
        { "r": 2, "c": 7 },
        { "r": 2, "c": 8 },
        { "r": 2, "c": 9 },
        { "r": 2, "c": 10 },
        { "r": 2, "c": 11 },
        { "r": 2, "c": 13, "w": 2.25 },
        { "r": 2, "c": 14 } 
      ]
    },
    {
      "keys": [
        { "r": 3, "c": 0, "w": 2.25 },
        { "r": 3, "c": 2 },
        { "r": 3, "c": 3 },
        { "r": 3, "c": 4 },
        { "r": 3, "c": 5 },
        { "r": 3, "c": 6 },
        { "r": 3, "c": 7 },
        { "r": 3, "c": 8 },
        { "r": 3, "c": 9 },
        { "r": 3, "c": 10 },
        { "r": 3, "c": 11 },
        { "r": 3, "c": 12, "w": 1.75 },
        { "r": 3, "c": 13 },
        { "r": 3, "c": 14 } 
      ]
    },
    {
      "keys": [
        { "r": 4, "c": 0, "w": 1.25 },
        { "r": 4, "c": 1, "w": 1.25 },
        { "r": 4, "c": 2, "w": 1.25 },
        { "r": 4, "c": 6, "w": 6.25 },
        { "r": 4, "c": 9  },
        { "r": 4, "c": 10 },
        { "r": 4, "c": 11 },
        { "r": 4, "c": 12 },
        { "r": 4, "c": 13 },
        { "r": 4, "c": 14 }
      ]
    }
  ],
  "keycodes":[
    [
      [0, 0, 0, 0, 0, 0, 0, 0, 0, 0, 0, 0, 0, 0, 0],
      [0, 0, 0, 0, 0, 0, 0, 0, 0, 0, 0, 0, 0, 0, 0],
      [0, 0, 0, 0, 0, 0, 0, 0, 0, 0, 0, 0, 0, 0, 0],
      [0, 0, 0, 0, 0, 0, 0, 0, 0, 0, 0, 0, 0, 0, 0],
      [0, 0, 0, 0, 0, 0, 0, 0, 0, 0, 0, 0, 0, 0, 0]
      ],
      [
        [0, 0, 0, 0, 0, 0, 0, 0, 0, 0, 0, 0, 0, 0, 0],
        [0, 0, 0, 0, 0, 0, 0, 0, 0, 0, 0, 0, 0, 0, 0],
        [0, 0, 0, 0, 0, 0, 0, 0, 0, 0, 0, 0, 0, 0, 0],
        [0, 0, 0, 0, 0, 0, 0, 0, 0, 0, 0, 0, 0, 0, 0],
        [0, 0, 0, 0, 0, 0, 0, 0, 0, 0, 0, 0, 0, 0, 0]
      ],
      [
        [0, 0, 0, 0, 0, 0, 0, 0, 0, 0, 0, 0, 0, 0, 0],
        [0, 0, 0, 0, 0, 0, 0, 0, 0, 0, 0, 0, 0, 0, 0],
        [0, 0, 0, 0, 0, 0, 0, 0, 0, 0, 0, 0, 0, 0, 0],
        [0, 0, 0, 0, 0, 0, 0, 0, 0, 0, 0, 0, 0, 0, 0],
        [0, 0, 0, 0, 0, 0, 0, 0, 0, 0, 0, 0, 0, 0, 0]
      ],
      [
        [0, 0, 0, 0, 0, 0, 0, 0, 0, 0, 0, 0, 0, 0, 0],
        [0, 0, 0, 0, 0, 0, 0, 0, 0, 0, 0, 0, 0, 0, 0],
        [0, 0, 0, 0, 0, 0, 0, 0, 0, 0, 0, 0, 0, 0, 0],
        [0, 0, 0, 0, 0, 0, 0, 0, 0, 0, 0, 0, 0, 0, 0],
        [0, 0, 0, 0, 0, 0, 0, 0, 0, 0, 0, 0, 0, 0, 0]
      ],
      [
        [0, 0, 0, 0, 0, 0, 0, 0, 0, 0, 0, 0, 0, 0, 0],
        [0, 0, 0, 0, 0, 0, 0, 0, 0, 0, 0, 0, 0, 0, 0],
        [0, 0, 0, 0, 0, 0, 0, 0, 0, 0, 0, 0, 0, 0, 0],
        [0, 0, 0, 0, 0, 0, 0, 0, 0, 0, 0, 0, 0, 0, 0],
        [0, 0, 0, 0, 0, 0, 0, 0, 0, 0, 0, 0, 0, 0, 0]
      ],
      [
        [0, 0, 0, 0, 0, 0, 0, 0, 0, 0, 0, 0, 0, 0, 0],
        [0, 0, 0, 0, 0, 0, 0, 0, 0, 0, 0, 0, 0, 0, 0],
        [0, 0, 0, 0, 0, 0, 0, 0, 0, 0, 0, 0, 0, 0, 0],
        [0, 0, 0, 0, 0, 0, 0, 0, 0, 0, 0, 0, 0, 0, 0],
        [0, 0, 0, 0, 0, 0, 0, 0, 0, 0, 0, 0, 0, 0, 0]
      ],
      [
        [0, 0, 0, 0, 0, 0, 0, 0, 0, 0, 0, 0, 0, 0, 0],
        [0, 0, 0, 0, 0, 0, 0, 0, 0, 0, 0, 0, 0, 0, 0],
        [0, 0, 0, 0, 0, 0, 0, 0, 0, 0, 0, 0, 0, 0, 0],
        [0, 0, 0, 0, 0, 0, 0, 0, 0, 0, 0, 0, 0, 0, 0],
        [0, 0, 0, 0, 0, 0, 0, 0, 0, 0, 0, 0, 0, 0, 0]
      ],
      [
        [0, 0, 0, 0, 0, 0, 0, 0, 0, 0, 0, 0, 0, 0, 0],
        [0, 0, 0, 0, 0, 0, 0, 0, 0, 0, 0, 0, 0, 0, 0],
        [0, 0, 0, 0, 0, 0, 0, 0, 0, 0, 0, 0, 0, 0, 0],
        [0, 0, 0, 0, 0, 0, 0, 0, 0, 0, 0, 0, 0, 0, 0],
        [0, 0, 0, 0, 0, 0, 0, 0, 0, 0, 0, 0, 0, 0, 0]
      ]
  ]
}
