{
  "author": "zoroada",
  "cols": 12,
  "keycodes": [
    [
      [0, 0, 0, 0, 0, 0, 0, 0, 0, 0, 0, 0],
      [0, 0, 0, 0, 0, 0, 0, 0, 0, 0, 0, 0],
      [0, 0, 0, 0, 0, 0, 0, 0, 0, 0, 0, 0],
      [0, 0, 0, 0, 0, 0, 0, 0, 0, 0, 0, 0]
    ],
    [
      [0, 0, 0, 0, 0, 0, 0, 0, 0, 0, 0, 0],
      [0, 0, 0, 0, 0, 0, 0, 0, 0, 0, 0, 0],
      [0, 0, 0, 0, 0, 0, 0, 0, 0, 0, 0, 0],
      [0, 0, 0, 0, 0, 0, 0, 0, 0, 0, 0, 0]
    ],
    [
      [0, 0, 0, 0, 0, 0, 0, 0, 0, 0, 0, 0],
      [0, 0, 0, 0, 0, 0, 0, 0, 0, 0, 0, 0],
      [0, 0, 0, 0, 0, 0, 0, 0, 0, 0, 0, 0],
      [0, 0, 0, 0, 0, 0, 0, 0, 0, 0, 0, 0]
    ],
    [
      [0, 0, 0, 0, 0, 0, 0, 0, 0, 0, 0, 0],
      [0, 0, 0, 0, 0, 0, 0, 0, 0, 0, 0, 0],
      [0, 0, 0, 0, 0, 0, 0, 0, 0, 0, 0, 0],
      [0, 0, 0, 0, 0, 0, 0, 0, 0, 0, 0, 0]
    ],
    [
      [0, 0, 0, 0, 0, 0, 0, 0, 0, 0, 0, 0],
      [0, 0, 0, 0, 0, 0, 0, 0, 0, 0, 0, 0],
      [0, 0, 0, 0, 0, 0, 0, 0, 0, 0, 0, 0],
      [0, 0, 0, 0, 0, 0, 0, 0, 0, 0, 0, 0]
    ],
    [
      [0, 0, 0, 0, 0, 0, 0, 0, 0, 0, 0, 0],
      [0, 0, 0, 0, 0, 0, 0, 0, 0, 0, 0, 0],
      [0, 0, 0, 0, 0, 0, 0, 0, 0, 0, 0, 0],
      [0, 0, 0, 0, 0, 0, 0, 0, 0, 0, 0, 0]
    ],
    [
      [0, 0, 0, 0, 0, 0, 0, 0, 0, 0, 0, 0],
      [0, 0, 0, 0, 0, 0, 0, 0, 0, 0, 0, 0],
      [0, 0, 0, 0, 0, 0, 0, 0, 0, 0, 0, 0],
      [0, 0, 0, 0, 0, 0, 0, 0, 0, 0, 0, 0]
    ],
    [
      [0, 0, 0, 0, 0, 0, 0, 0, 0, 0, 0, 0],
      [0, 0, 0, 0, 0, 0, 0, 0, 0, 0, 0, 0],
      [0, 0, 0, 0, 0, 0, 0, 0, 0, 0, 0, 0],
      [0, 0, 0, 0, 0, 0, 0, 0, 0, 0, 0, 0]
    ]
  ],
  "layout": [
    {
      "keys": [
        {
          "c": 0,
          "r": 0
        },
        {
          "c": 1,
          "r": 0
        },
        {
          "c": 2,
          "r": 0
        },
        {
          "c": 3,
          "r": 0
        },
        {
          "c": 4,
          "r": 0
        },
        {
          "c": 5,
          "r": 0
        },
        {
          "c": 6,
          "r": 0,
          "x": 2
        },
        {
          "c": 7,
          "r": 0
        },
        {
          "c": 8,
          "r": 0
        },
        {
          "c": 9,
          "r": 0
        },
        {
          "c": 10,
          "r": 0
        },
        {
          "c": 11,
          "r": 0
        }
      ]
    },
    {
      "keys": [
        {
          "c": 0,
          "r": 1
        },
        {
          "c": 1,
          "r": 1
        },
        {
          "c": 2,
          "r": 1
        },
        {
          "c": 3,
          "r": 1
        },
        {
          "c": 4,
          "r": 1
        },
        {
          "c": 5,
          "r": 1
        },
        {
          "c": 6,
          "r": 1,
          "x": 2.25
        },
        {
          "c": 7,
          "r": 1
        },
        {
          "c": 8,
          "r": 1
        },
        {
          "c": 9,
          "r": 1
        },
        {
          "c": 10,
          "r": 1
        },
        {
          "c": 11,
          "r": 1,
          "w": 1.75
        }
      ]
    },
    {
      "keys": [
        {
          "c": 0,
          "r": 2,
          "w": 1.5
        },
        {
          "c": 1,
          "r": 2
        },
        {
          "c": 2,
          "r": 2
        },
        {
          "c": 3,
          "r": 2
        },
        {
          "c": 4,
          "r": 2
        },
        {
          "c": 5,
          "r": 2
        },
        {
          "c": 6,
          "r": 2,
          "x": 1.25
        },
        {
          "c": 7,
          "r": 2
        },
        {
          "c": 8,
          "r": 2
        },
        {
          "c": 9,
          "r": 2
        },
        {
          "c": 10,
          "r": 2
        },
        {
          "c": 11,
          "r": 2
        }
      ]
    },
    {
      "keys": [
        {
          "c": 0,
          "r": 3,
          "w": 1.25
        },
        {
          "c": 1,
          "r": 3,
          "w": 1.25
        },
        {
          "c": 3,
          "r": 3,
          "x": 0.5,
          "w": 1.75
        },
        {
          "c": 4,
          "r": 3,
          "w": 2
        },
        {
          "c": 5,
          "r": 3,
          "x": 7.25,
          "y": -3
        },
        {
          "c": 6,
          "r": 3,
          "x": -7.75,
          "y": 3,
          "w": 2
        },
        {
          "c": 7,
          "r": 3,
          "w": 1.75
        },
        {
          "c": 8,
          "r": 3,
          "x": 0.75
        },
        {
          "c": 9,
          "r": 3
        },
        {
          "c": 10,
          "r": 3,
          "w": 1.25
        },
        {
          "c": 11,
          "r": 3,
          "x": -1.25,
          "y": -1,
          "w": 1.25
        }
      ]
    }
  ],
  "name": "zoro_alice",
  "product_id": 41032,
  "rows": 4,
  "vendor_id": 1312,
  "version": "1.4.0"
}
